{"intents":[{"name":"OrderASmoothie","samples":["I want a smoothie","Order a smoothie","Make me a smoothie","smoothie"],"slots":[{"name":"fruits","type":"fruits","samples":["I would like a {fruits} smoothie."]},{"name":"mixin","type":"mixin","samples":[]},{"name":"size","type":"size","samples":[]},{"name":"sweetener","type":"sweetener","samples":["i want {sweetener}"]}]}],"types":[{"name":"mixin","values":[{"name":{"value":"oats","synonyms":["oat","oats","rolled oats","steel cut oats"]}},{"name":{"value":"kale","synonyms":["kale","greens","green","healthy"]}}]},{"name":"fruits","values":[{"name":{"value":"apple","synonyms":["apple","apples"]}},{"name":{"value":"açai","synonyms":["açai"]}},{"name":{"value":"kiwi","synonyms":["kiwi","kiwis"]}},{"name":{"value":"berry","synonyms":["berry","berries"]}},{"name":{"value":"blueberry","synonyms":["blueberries","blueberry"]}},{"name":{"value":"strawberry","synonyms":["strawberry","strawberries"]}}]},{"name":"size","values":[{"name":{"value":"small","synonyms":["small"]}},{"name":{"value":"large","synonyms":["large"]}},{"name":{"value":"medium","synonyms":["medium"]}}]},{"name":"sweetener","values":[{"name":{"value":"regular sugar","synonyms":["regular sugar","sugar"]}},{"name":{"value":"stevia","synonyms":["stevia"]}},{"name":{"value":"honey","synonyms":["honey"]}},{"name":{"value":"splenda","synonyms":["splenda","sugar-free sweetener"]}},{"name":{"value":"maple syrup","synonyms":["maple syrup"]}}]}],"prompts":[{"id":"Confirm.Intent-OrderASmoothie","promptVersion":"1.0","definitionVersion":"1.0","variations":[{"type":"PlainText","value":"Ok, one {size} {fruits} smoothie with {mixin} and {sweetener} coming right up! Reply \"no\" to cancel your order."}]},{"id":"Elicit.Intent-OrderASmoothie.IntentSlot-fruits","promptVersion":"1.0","definitionVersion":"1.0","variations":[{"type":"PlainText","value":"Ok, what kind of fruit do you want? We have blueberry, strawberry, apple, kiwi, mixed berry, açai, and banana."}]},{"id":"Elicit.Intent-OrderASmoothie.IntentSlot-mixin","promptVersion":"1.0","definitionVersion":"1.0","variations":[{"type":"PlainText","value":"What do you want to mix in? We have oats, carrots, and kale."}]},{"id":"Elicit.Intent-OrderASmoothie.IntentSlot-size","promptVersion":"1.0","definitionVersion":"1.0","variations":[{"type":"PlainText","value":"What size? We have small, medium, and large."}]},{"id":"Elicit.Intent-OrderASmoothie.IntentSlot-sweetener","promptVersion":"1.0","definitionVersion":"1.0","variations":[{"type":"PlainText","value":"What kind of sweetener do you want? We have regular sugar, Splenda, stevia, honey, and maple syrup."}]}],"dialog":{"version":"1.0","intents":[{"name":"OrderASmoothie","confirmationRequired":true,"prompts":{"confirm":"Confirm.Intent-OrderASmoothie"},"slots":[{"name":"fruits","type":"fruits","elicitationRequired":true,"confirmationRequired":false,"prompts":{"elicit":"Elicit.Intent-OrderASmoothie.IntentSlot-fruits"}},{"name":"mixin","type":"mixin","elicitationRequired":true,"confirmationRequired":false,"prompts":{"elicit":"Elicit.Intent-OrderASmoothie.IntentSlot-mixin"}},{"name":"size","type":"size","elicitationRequired":true,"confirmationRequired":false,"prompts":{"elicit":"Elicit.Intent-OrderASmoothie.IntentSlot-size"}},{"name":"sweetener","type":"sweetener","elicitationRequired":true,"confirmationRequired":false,"prompts":{"elicit":"Elicit.Intent-OrderASmoothie.IntentSlot-sweetener"}}]}]}}